ID,TRIAL_TYPE
1,GO W- nolick
2,no tone W+ nolick
3,GO W- nolick
4,NOGO W+ nolick
5,GO W+ lick
6,NOGO W+ nolick
7,NOGO W- nolick
8,no tone W+ lick
9,NOGO W+ nolick
10,NOGO W- nolick
11,NOGO W- nolick
12,NOGO W- nolick
13,no tone W+ nolick
14,no tone W+ nolick
15,no tone W+ lick
16,no tone W+ nolick
17,NOGO W- nolick
18,no tone W+ nolick
19,no tone W+ lick
20,NOGO W- nolick
21,no tone W+ nolick
22,NOGO W- nolick
23,NOGO W+ nolick
24,no tone W+ nolick
25,GO W- nolick
26,NOGO W- nolick
27,NOGO W- nolick
28,no tone W+ lick
29,NOGO W- nolick
30,NOGO W+ nolick
31,NOGO W+ nolick
32,no tone W+ nolick
33,no tone W+ nolick
34,GO W- nolick
35,NOGO W- nolick
36,GO W- nolick
37,no tone W+ nolick
38,NOGO W+ nolick
39,NOGO W+ nolick
40,no tone W+ lick
41,no tone W+ nolick
42,NOGO W+ nolick
43,NOGO W- nolick
44,NOGO W+ nolick
45,NOGO W- nolick
46,no tone W+ nolick
47,no tone W+ nolick
48,no tone W+ lick
49,NOGO W- nolick
50,no tone W+ nolick
51,no tone W+ nolick
52,NOGO W- nolick
53,NOGO W- nolick
54,NOGO W- nolick
55,GO W+ lick
56,NOGO W- nolick
57,no tone W+ nolick
58,no tone W+ nolick
59,no tone W+ nolick
60,no tone W+ nolick
61,no tone W+ nolick
62,NOGO W+ nolick
63,NOGO W+ nolick
64,no tone W+ lick
65,GO W+ lick
66,no tone W+ nolick
67,GO W- nolick
68,no tone W+ nolick
69,no tone W+ nolick
70,NOGO W+ nolick
71,no tone W+ nolick
72,NOGO W- nolick
73,NOGO W- nolick
74,NOGO W- nolick
75,NOGO W- nolick
76,no tone W+ lick
77,NOGO W+ nolick
78,GO W+ lick
79,no tone W+ nolick
80,NOGO W- nolick
81,GO W+ lick
82,NOGO W- nolick
83,NOGO W- nolick
84,NOGO W+ nolick
85,no tone W+ lick
86,GO W- nolick
87,no tone W+ lick
88,GO W- nolick
89,GO W+ lick
90,NOGO W- nolick
91,GO W+ lick
92,NOGO W+ nolick
93,no tone W+ lick
94,no tone W+ nolick
95,NOGO W+ nolick
96,no tone W+ nolick
97,no tone W+ nolick
98,NOGO W- nolick
99,no tone W+ nolick
100,NOGO W- nolick
101,GO W- nolick
102,GO W- nolick
103,GO W- nolick
104,NOGO W- nolick
105,no tone W+ lick
106,NOGO W- nolick
107,NOGO W+ nolick
108,GO W- nolick
109,NOGO W- nolick
110,no tone W+ nolick
111,NOGO W- nolick
112,NOGO W+ nolick
113,NOGO W+ nolick
114,NOGO W- nolick
115,no tone W+ nolick
116,no tone W+ nolick
117,GO W- nolick
118,GO W+ lick
119,no tone W+ nolick
120,GO W- nolick
121,NOGO W- nolick
122,NOGO W- nolick
123,NOGO W+ nolick
124,GO W- nolick
125,NOGO W- nolick
126,NOGO W- nolick
127,NOGO W+ nolick
128,no tone W+ nolick
129,GO W- nolick
130,GO W- nolick
131,no tone W+ lick
132,NOGO W- nolick
133,no tone W+ nolick
134,NOGO W- nolick
135,no tone W+ nolick
136,NOGO W- nolick
137,NOGO W+ nolick
138,no tone W+ nolick
139,GO W- nolick
140,GO W+ lick
141,GO W+ lick
142,NOGO W- nolick
143,NOGO W+ nolick
144,NOGO W+ nolick
145,GO W- nolick
146,no tone W+ nolick
147,NOGO W- nolick
148,NOGO W- nolick
149,no tone W+ nolick
150,no tone W+ nolick
151,no tone W+ nolick
152,NOGO W- nolick
153,NOGO W- nolick
154,no tone W+ nolick
155,no tone W+ nolick
156,NOGO W+ nolick
157,NOGO W- nolick
158,no tone W+ nolick
159,no tone W+ nolick
160,GO W- nolick
161,GO W- nolick
162,NOGO W- nolick
163,no tone W+ nolick
164,no tone W+ nolick
165,NOGO W- nolick
166,GO W- nolick
167,no tone W+ nolick
168,no tone W+ nolick
169,no tone W+ nolick
170,no tone W+ nolick
171,GO W- nolick
172,GO W+ lick
173,NOGO W- nolick
174,no tone W+ nolick
175,NOGO W+ nolick
176,NOGO W- nolick
177,NOGO W- nolick
178,NOGO W+ nolick
179,no tone W+ nolick
180,NOGO W- nolick
181,GO W+ lick
182,no tone W+ nolick
183,NOGO W+ nolick
184,NOGO W- nolick
185,NOGO W- nolick
186,NOGO W- nolick
187,NOGO W+ nolick
188,no tone W+ nolick
189,no tone W+ nolick
190,GO W- nolick
191,GO W- nolick
192,no tone W+ nolick
193,no tone W+ nolick
194,no tone W+ lick
195,NOGO W- nolick
196,no tone W+ nolick
197,NOGO W+ nolick
198,no tone W+ nolick
199,NOGO W- nolick
200,GO W- nolick
201,NOGO W- nolick
202,no tone W+ lick
203,GO W- nolick
204,NOGO W- nolick
205,no tone W+ nolick
206,NOGO W- nolick
207,no tone W+ nolick
208,no tone W+ nolick
209,no tone W+ nolick
210,GO W- nolick
211,NOGO W+ nolick
212,no tone W+ nolick
213,no tone W+ nolick
214,no tone W+ nolick
215,GO W- nolick
216,NOGO W+ nolick
217,no tone W+ nolick
218,NOGO W- nolick
219,no tone W+ nolick
220,GO W- nolick
221,GO W- nolick
222,no tone W+ nolick
223,NOGO W- nolick
224,no tone W+ nolick
225,NOGO W- nolick
226,NOGO W+ nolick
227,NOGO W+ nolick
228,no tone W+ nolick
229,NOGO W- nolick
230,NOGO W- nolick
231,NOGO W- nolick
232,no tone W+ nolick
233,no tone W+ nolick
234,no tone W+ nolick
235,no tone W+ nolick
236,NOGO W- nolick
237,no tone W+ nolick
238,NOGO W- nolick
239,no tone W+ nolick
240,NOGO W- nolick
241,GO W- nolick
242,NOGO W- nolick
243,NOGO W- nolick
244,no tone W+ nolick
245,NOGO W- nolick
246,NOGO W- nolick
247,no tone W+ nolick
248,no tone W+ nolick
249,no tone W+ nolick
250,NOGO W- nolick
251,GO W- nolick
252,no tone W+ nolick
253,NOGO W- nolick
254,no tone W+ nolick
255,NOGO W+ nolick
256,NOGO W+ nolick
257,no tone W+ nolick
258,no tone W+ nolick
259,GO W- nolick
260,GO W+ lick
261,no tone W+ nolick
262,NOGO W- nolick
263,NOGO W- nolick
264,GO W- nolick
265,NOGO W+ nolick
266,NOGO W- nolick
267,no tone W+ nolick
268,no tone W+ nolick
269,NOGO W- nolick
270,GO W- nolick
271,no tone W+ nolick
272,no tone W+ nolick
273,NOGO W- nolick
274,GO W- nolick
275,NOGO W+ nolick
276,no tone W+ nolick
277,no tone W+ nolick
278,NOGO W- nolick
279,no tone W+ nolick
280,no tone W+ nolick
281,no tone W+ nolick
282,no tone W+ nolick
283,no tone W+ nolick
284,no tone W+ nolick
285,no tone W+ nolick
286,no tone W+ nolick
287,NOGO W- nolick
288,NOGO W- nolick
289,no tone W+ nolick
290,NOGO W- nolick
291,NOGO W- nolick
292,NOGO W- nolick
293,no tone W+ nolick
294,no tone W+ nolick
295,no tone W+ nolick
296,no tone W+ nolick
297,GO W+ lick
298,NOGO W+ nolick
299,NOGO W- nolick
300,no tone W+ nolick
301,GO W- nolick
302,NOGO W- nolick
303,NOGO W- nolick
304,NOGO W- nolick
305,no tone W+ nolick
306,no tone W+ nolick
307,NOGO W- nolick
308,GO W- nolick
309,no tone W+ nolick
310,no tone W+ nolick
311,no tone W+ nolick
312,NOGO W- nolick
313,no tone W+ nolick
314,NOGO W+ nolick
315,no tone W+ nolick
316,no tone W+ nolick
317,no tone W+ nolick
318,NOGO W- nolick
319,NOGO W- nolick
320,NOGO W- nolick
321,NOGO W- nolick
322,GO W- nolick
323,no tone W+ nolick
324,GO W- nolick
325,GO W- nolick
326,NOGO W- nolick
327,GO W- nolick
328,NOGO W- nolick
329,no tone W+ nolick
330,NOGO W- nolick
331,no tone W+ nolick
332,no tone W+ nolick
333,NOGO W- nolick
334,no tone W+ nolick
335,no tone W+ nolick
336,NOGO W- nolick
337,NOGO W+ nolick
338,GO W- nolick
339,NOGO W+ nolick
340,GO W- nolick
341,NOGO W- nolick
342,GO W- nolick
343,no tone W+ nolick
344,no tone W+ nolick
345,GO W- nolick
346,NOGO W- nolick
347,GO W- nolick
348,no tone W+ nolick
349,GO W- nolick
350,GO W- nolick
351,GO W- nolick
352,no tone W+ nolick
353,NOGO W- nolick
354,GO W+ lick
355,no tone W+ nolick
356,no tone W+ nolick
357,NOGO W- nolick
358,NOGO W+ nolick
359,NOGO W- nolick
360,no tone W+ nolick
361,GO W- nolick
362,GO W- nolick
363,GO W- nolick
364,no tone W+ nolick
365,NOGO W- nolick
366,no tone W+ nolick
367,NOGO W- nolick
368,NOGO W+ nolick
369,NOGO W- nolick
370,GO W- nolick
371,no tone W+ nolick
372,GO W- nolick
373,no tone W+ nolick
374,NOGO W- nolick
375,no tone W+ nolick
376,NOGO W+ nolick
377,NOGO W+ nolick
378,no tone W+ nolick
379,NOGO W- nolick
380,no tone W+ nolick
381,NOGO W- nolick
382,GO W- nolick
383,GO W- nolick
384,NOGO W- nolick
385,no tone W+ nolick
386,NOGO W- nolick
387,GO W- nolick
388,no tone W+ nolick
389,GO W- nolick
390,GO W- nolick
391,GO W- nolick
392,NOGO W+ nolick
393,GO W- nolick
394,no tone W+ nolick
395,NOGO W- nolick
396,NOGO W- nolick
397,GO W- nolick
398,NOGO W- nolick
399,no tone W+ nolick
400,NOGO W+ nolick
401,no tone W+ nolick
402,NOGO W- nolick
403,no tone W+ nolick
404,no tone W+ nolick
405,GO W- nolick
406,no tone W+ nolick
407,GO W+ lick
408,NOGO W- nolick
409,GO W- nolick
410,GO W- nolick
411,no tone W+ nolick
412,NOGO W+ nolick
413,no tone W+ nolick
414,GO W- nolick
415,GO W- nolick
416,NOGO W- nolick
417,no tone W+ nolick
418,no tone W+ nolick
419,NOGO W- nolick
420,GO W- nolick
421,no tone W+ nolick
422,no tone W+ nolick
423,GO W- nolick
424,NOGO W- nolick
425,NOGO W- nolick
426,GO W+ lick
427,NOGO W- nolick
428,GO W- nolick
429,GO W- nolick
430,no tone W+ nolick
431,no tone W+ nolick
432,no tone W+ nolick
433,GO W- nolick
434,no tone W+ nolick
435,no tone W+ nolick
436,GO W- nolick
437,GO W- nolick
438,NOGO W- nolick
439,no tone W+ nolick
440,GO W- nolick
441,NOGO W- nolick
442,NOGO W- nolick
443,NOGO W- nolick
444,NOGO W+ nolick
445,GO W- nolick
446,GO W- nolick
447,no tone W+ nolick
448,NOGO W- nolick
449,no tone W+ nolick
450,NOGO W- nolick
451,no tone W+ nolick
452,NOGO W- nolick
453,NOGO W- nolick
454,no tone W+ lick
455,GO W+ lick
456,GO W+ lick
457,NOGO W- nolick
458,GO W- nolick
459,no tone W+ nolick
460,NOGO W- nolick
461,no tone W+ nolick
462,GO W- nolick
463,GO W- nolick
464,no tone W+ nolick
465,NOGO W- nolick
466,NOGO W- nolick
467,NOGO W- nolick
468,NOGO W- nolick
469,NOGO W- nolick
470,no tone W+ nolick
471,NOGO W- nolick
472,no tone W+ nolick
473,NOGO W- nolick
474,GO W+ lick
475,NOGO W- nolick
476,no tone W+ nolick
477,no tone W+ nolick
478,no tone W+ nolick
479,no tone W+ nolick
480,no tone W+ nolick
481,NOGO W- nolick
482,no tone W+ nolick
483,no tone W+ nolick
484,NOGO W- nolick
485,GO W- nolick
486,no tone W+ nolick
487,NOGO W- nolick
488,no tone W+ nolick
489,no tone W+ nolick
490,GO W- nolick
491,GO W- nolick
492,NOGO W- nolick
493,no tone W+ nolick
494,no tone W+ nolick
495,GO W- nolick
496,no tone W+ nolick
497,GO W- nolick
498,NOGO W- nolick
499,no tone W+ nolick
500,NOGO W- nolick
501,NOGO W- nolick
502,NOGO W- nolick
503,NOGO W- nolick
504,NOGO W- nolick
505,no tone W+ nolick
506,no tone W+ nolick
507,GO W- nolick
508,no tone W+ nolick
509,no tone W+ nolick
510,no tone W+ nolick
511,NOGO W- nolick
512,NOGO W- nolick
513,NOGO W- nolick
514,GO W- nolick
515,NOGO W- nolick
516,no tone W+ nolick
517,NOGO W- nolick
518,no tone W+ nolick
519,NOGO W- nolick
520,no tone W+ nolick
521,NOGO W- nolick
522,no tone W+ nolick
523,no tone W+ nolick
524,NOGO W- nolick
525,no tone W+ nolick
526,NOGO W+ nolick
527,NOGO W+ nolick
528,GO W- nolick
529,NOGO W- nolick
530,NOGO W- nolick
531,NOGO W+ nolick
532,NOGO W- nolick
533,NOGO W- nolick
534,NOGO W- nolick
535,no tone W+ nolick
536,NOGO W- nolick
537,NOGO W- nolick
538,no tone W+ nolick
539,no tone W+ nolick
540,no tone W+ nolick
541,no tone W+ nolick
542,NOGO W- nolick
543,NOGO W+ nolick
544,GO W- nolick
545,NOGO W- nolick
546,NOGO W- nolick
547,NOGO W- nolick
548,GO W- nolick
549,NOGO W- nolick
550,no tone W+ nolick
551,no tone W+ nolick
552,no tone W+ nolick
553,NOGO W+ nolick
554,NOGO W- nolick
555,GO W- nolick
556,NOGO W- nolick
557,NOGO W- nolick
558,no tone W+ nolick
559,NOGO W- nolick
560,no tone W+ nolick
561,NOGO W- nolick
562,NOGO W- nolick
563,NOGO W- nolick
564,no tone W+ nolick
565,NOGO W- nolick
566,NOGO W- nolick
567,NOGO W- nolick
568,NOGO W- nolick
569,GO W- nolick
570,no tone W+ nolick
571,no tone W+ nolick
572,NOGO W- nolick
573,NOGO W- nolick
574,NOGO W- nolick
575,NOGO W- nolick
576,no tone W+ nolick
577,NOGO W- nolick
578,no tone W+ nolick
579,no tone W+ nolick
580,NOGO W- nolick
581,NOGO W- nolick
582,no tone W+ nolick
583,GO W- nolick
584,no tone W+ nolick
585,NOGO W- nolick
586,NOGO W- nolick
587,NOGO W- nolick
588,GO W- nolick
589,NOGO W- nolick
590,NOGO W- nolick
591,no tone W+ nolick
592,NOGO W- nolick
593,no tone W+ nolick
594,NOGO W- nolick
595,NOGO W+ nolick
596,NOGO W- nolick
597,no tone W+ nolick
598,GO W- nolick
599,no tone W+ nolick
600,NOGO W- nolick
601,no tone W+ nolick
602,NOGO W- nolick
603,no tone W+ nolick
604,no tone W+ nolick
605,NOGO W- nolick
606,no tone W+ nolick
607,NOGO W- nolick
608,no tone W+ nolick
609,no tone W+ nolick
610,NOGO W- nolick
611,NOGO W- nolick
612,no tone W+ nolick
613,NOGO W- nolick
614,NOGO W- nolick
615,NOGO W- nolick
616,NOGO W- nolick
617,no tone W+ nolick
618,NOGO W- nolick
619,NOGO W- nolick
620,NOGO W- nolick
621,NOGO W- nolick
622,GO W- nolick
623,GO W- nolick
624,GO W+ lick
625,GO W+ lick
626,GO W+ lick
627,GO W+ lick
628,GO W- nolick
629,GO W+ lick
630,GO W- nolick
631,NOGO W- nolick
632,GO W- nolick
633,GO W+ lick
634,GO W+ lick
635,GO W+ lick
636,GO W- nolick
637,NOGO W- nolick
638,NOGO W+ nolick
639,GO W+ lick
640,GO W+ lick
641,NOGO W- nolick
642,GO W+ lick
643,NOGO W+ nolick
644,GO W+ lick
645,NOGO W- nolick
646,GO W+ lick
647,GO W+ lick
648,NOGO W+ nolick
649,NOGO W+ nolick
650,GO W+ lick
651,GO W+ lick
652,GO W+ lick
653,GO W+ lick
654,NOGO W+ nolick
655,GO W+ lick
656,GO W- nolick
657,GO W+ lick
658,NOGO W- nolick
659,GO W+ lick
660,GO W+ lick
661,NOGO W+ nolick
662,NOGO W+ nolick
663,GO W+ lick
664,GO W+ lick
665,GO W+ lick
666,NOGO W- nolick
667,NOGO W- nolick
668,NOGO W+ nolick
669,GO W+ lick
670,NOGO W- nolick
671,GO W+ lick
672,GO W+ lick
673,GO W- nolick
674,GO W+ lick
675,GO W+ lick
676,NOGO W- nolick
677,GO W- nolick
678,GO W+ lick
679,GO W- nolick
680,GO W+ lick
681,NOGO W- nolick
682,NOGO W+ nolick
683,GO W+ lick
684,NOGO W- nolick
685,GO W- nolick
686,NOGO W- nolick
687,GO W+ lick
688,GO W- nolick
689,GO W+ lick
690,NOGO W- nolick
691,GO W+ lick
692,GO W+ lick
693,GO W- nolick
694,GO W- nolick
695,NOGO W- nolick
696,GO W+ lick
697,NOGO W+ nolick
698,NOGO W- nolick
699,NOGO W- nolick
700,GO W- nolick
701,GO W+ lick
702,GO W+ lick
703,GO W+ lick
704,NOGO W- nolick
705,GO W+ lick
706,GO W+ lick
707,GO W+ lick
708,GO W- nolick
709,GO W+ lick
710,NOGO W+ nolick
711,GO W- nolick
712,GO W+ lick
713,GO W+ lick
714,NOGO W- nolick
715,GO W- nolick
716,GO W+ lick
717,GO W+ lick
718,GO W- nolick
719,NOGO W- nolick
720,GO W+ lick
721,GO W- nolick
722,GO W- nolick
723,GO W+ lick
724,GO W+ lick
725,GO W+ lick
726,GO W+ lick
727,GO W+ lick
728,GO W- nolick
729,GO W+ lick
730,GO W- nolick
731,GO W+ lick
732,GO W- nolick
733,GO W- nolick
734,GO W+ lick
735,GO W+ lick
736,GO W- nolick
737,NOGO W- nolick
738,GO W- nolick
739,GO W+ lick
740,GO W- nolick
741,NOGO W+ nolick
742,GO W+ lick
743,no tone W+ nolick
744,GO W+ lick
745,GO W+ lick
746,GO W- nolick
747,GO W- nolick
748,GO W- nolick
749,GO W+ lick
750,GO W+ lick
751,GO W- nolick
752,NOGO W- nolick
753,GO W+ lick
754,NOGO W+ nolick
755,NOGO W- nolick
756,GO W+ lick
757,GO W+ lick
758,GO W- nolick
759,GO W+ lick
760,GO W+ lick
761,NOGO W+ nolick
762,GO W- nolick
763,GO W+ lick
764,GO W+ lick
765,GO W- nolick
766,GO W+ lick
767,GO W+ lick
768,GO W+ lick
769,GO W+ lick
770,NOGO W- nolick
771,NOGO W+ nolick
772,NOGO W- nolick
773,GO W+ lick
774,GO W- nolick
775,GO W+ lick
776,GO W- nolick
777,GO W+ lick
778,no tone W+ nolick
779,NOGO W- nolick
780,GO W- nolick
781,GO W- nolick
782,GO W- nolick
783,GO W- nolick
784,GO W+ lick
785,GO W+ lick
786,GO W+ lick
787,NOGO W- nolick
788,GO W- nolick
789,GO W- nolick
790,GO W- nolick
791,GO W+ lick
792,GO W+ lick
793,GO W+ lick
794,GO W+ lick
795,NOGO W- nolick
796,GO W- nolick
797,GO W- nolick
798,GO W+ lick
799,GO W+ lick
800,GO W- nolick
801,GO W- nolick
802,GO W+ lick
803,GO W+ lick
804,GO W+ lick
805,GO W- nolick
806,NOGO W+ nolick
807,GO W+ lick
808,NOGO W- nolick
809,GO W+ lick
810,GO W+ lick
811,GO W+ lick
812,GO W- nolick
813,NOGO W- nolick
814,GO W+ lick
815,GO W- nolick
816,GO W- nolick
817,NOGO W- nolick
818,GO W- nolick
819,no tone W+ nolick
820,GO W+ lick
821,GO W+ lick
822,NOGO W+ nolick
823,GO W+ lick
824,NOGO W+ nolick
825,GO W+ lick
826,GO W+ lick
827,GO W- nolick
828,GO W+ lick
829,NOGO W+ nolick
830,GO W+ lick
831,GO W+ lick
832,GO W- nolick
833,GO W- nolick
834,GO W- nolick
835,GO W- nolick
836,GO W+ lick
837,GO W+ lick
838,GO W+ lick
839,GO W+ lick
840,NOGO W- nolick
841,GO W- nolick
842,NOGO W- nolick
843,NOGO W+ nolick
844,GO W- nolick
845,NOGO W+ nolick
846,GO W+ lick
847,GO W+ lick
848,NOGO W- nolick
849,GO W+ lick
850,NOGO W+ nolick
851,NOGO W- nolick
852,GO W- nolick
853,NOGO W+ nolick
854,NOGO W+ nolick
855,GO W- nolick
856,GO W+ lick
857,GO W- nolick
858,GO W+ lick
859,GO W- nolick
860,GO W+ lick
861,GO W- nolick
862,GO W- nolick
863,GO W- nolick
864,NOGO W- nolick
865,NOGO W+ nolick
866,GO W+ lick
867,GO W+ lick
868,NOGO W+ nolick
869,GO W+ lick
870,NOGO W- nolick
871,GO W- nolick
872,NOGO W- nolick
873,GO W+ lick
874,GO W+ lick
875,GO W+ lick
876,NOGO W+ nolick
877,GO W+ lick
878,GO W+ lick
879,GO W+ lick
880,NOGO W- nolick
881,GO W- nolick
882,NOGO W+ nolick
883,GO W+ lick
884,NOGO W- nolick
885,GO W+ lick
886,NOGO W+ nolick
887,GO W- nolick
888,NOGO W- nolick
889,GO W- nolick
890,GO W+ lick
891,GO W- nolick
892,NOGO W- nolick
893,GO W- nolick
894,GO W- nolick
895,GO W+ lick
896,GO W+ lick
897,NOGO W- nolick
898,GO W- nolick
899,GO W+ lick
900,GO W+ lick
901,GO W- nolick
902,GO W+ lick
903,GO W- nolick
904,no tone W+ nolick
905,GO W+ lick
906,GO W+ lick
907,NOGO W- nolick
908,GO W- nolick
909,GO W- nolick
910,GO W- nolick
911,GO W+ lick
912,GO W- nolick
913,GO W- nolick
914,GO W- nolick
915,GO W- nolick
916,GO W- nolick
917,GO W+ lick
918,GO W- nolick
919,GO W+ lick
920,GO W+ lick
921,GO W- nolick
922,GO W- nolick
923,NOGO W+ nolick
924,GO W- nolick
925,GO W- nolick
926,GO W+ lick
927,GO W+ lick
928,GO W- nolick
929,GO W- nolick
930,GO W+ lick
931,GO W+ lick
932,GO W+ lick
933,GO W- nolick
934,NOGO W- nolick
935,GO W+ lick
936,GO W- nolick
937,NOGO W+ nolick
938,GO W- nolick
939,NOGO W+ nolick
940,GO W+ lick
941,GO W+ lick
942,GO W+ lick
943,GO W- nolick
944,NOGO W+ nolick
945,GO W+ lick
946,GO W+ lick
947,GO W- nolick
948,no tone W+ nolick
949,GO W+ lick
950,NOGO W- nolick
951,GO W+ lick
952,GO W- nolick
953,GO W- nolick
954,GO W- nolick
955,GO W- nolick
956,NOGO W+ nolick
957,NOGO W- nolick
958,NOGO W- nolick
959,NOGO W+ nolick
960,GO W+ lick
961,GO W+ lick
962,GO W- nolick
963,GO W+ lick
964,GO W- nolick
965,GO W- nolick
966,GO W- nolick
967,GO W- nolick
968,NOGO W+ nolick
969,GO W- nolick
970,GO W+ lick
971,GO W+ lick
972,GO W- nolick
973,GO W- nolick
974,GO W+ lick
975,NOGO W- nolick
976,GO W+ lick
977,GO W- nolick
978,GO W+ lick
979,GO W+ lick
980,NOGO W- nolick
981,NOGO W+ nolick
982,GO W+ lick
983,GO W+ lick
984,GO W+ lick
985,no tone W+ nolick
986,GO W- nolick
987,GO W+ lick
988,GO W- nolick
989,NOGO W+ nolick
990,GO W- nolick
991,GO W+ lick
992,GO W+ lick
993,GO W+ lick
994,GO W- nolick
995,GO W- nolick
996,GO W+ lick
997,GO W- nolick
998,NOGO W+ nolick
999,GO W+ lick
1000,GO W- nolick
1001,GO W- nolick
1002,GO W- nolick
1003,NOGO W- nolick
1004,NOGO W+ nolick
1005,NOGO W+ nolick
1006,GO W+ lick
1007,NOGO W- nolick
1008,NOGO W+ nolick
1009,GO W- nolick
1010,NOGO W+ nolick
1011,NOGO W+ nolick
1012,GO W+ lick
1013,NOGO W- nolick
1014,NOGO W- nolick
1015,GO W- nolick
1016,GO W+ lick
1017,GO W+ lick
1018,NOGO W+ nolick
1019,GO W+ lick
1020,NOGO W- nolick
1021,GO W- nolick
1022,GO W- nolick
1023,GO W+ lick
1024,NOGO W+ nolick
1025,GO W- nolick
1026,GO W- nolick
1027,GO W+ lick
1028,GO W+ lick
1029,GO W+ lick
1030,GO W- nolick
1031,GO W+ lick
1032,GO W- nolick
1033,GO W+ lick
1034,GO W+ lick
1035,NOGO W+ nolick
1036,GO W- nolick
1037,NOGO W+ nolick
1038,NOGO W- nolick
1039,GO W+ lick
1040,GO W- nolick
1041,NOGO W- nolick
1042,GO W- nolick
1043,GO W+ lick
1044,GO W- nolick
1045,GO W+ lick
1046,NOGO W- nolick
1047,GO W+ lick
1048,GO W- nolick
1049,GO W- nolick
1050,GO W+ lick
1051,NOGO W- nolick
1052,GO W- nolick
1053,no tone W+ nolick
1054,GO W- nolick
1055,GO W+ lick
1056,GO W- nolick
1057,GO W+ lick
1058,NOGO W+ nolick
1059,GO W+ lick
1060,NOGO W- nolick
1061,NOGO W- nolick
1062,GO W- nolick
1063,no tone W+ nolick
1064,GO W- nolick
1065,GO W- nolick
1066,GO W- nolick
1067,GO W- nolick
1068,GO W+ lick
1069,GO W- nolick
1070,GO W+ lick
1071,GO W- nolick
1072,GO W- nolick
1073,GO W+ lick
1074,GO W- nolick
1075,GO W+ lick
1076,GO W- nolick
1077,GO W+ lick
1078,GO W+ lick
1079,GO W- nolick
1080,GO W- nolick
1081,GO W- nolick
1082,GO W- nolick
1083,NOGO W+ nolick
1084,GO W+ lick
1085,GO W- nolick
1086,GO W+ lick
1087,GO W- nolick
1088,GO W+ lick
1089,NOGO W+ nolick
1090,GO W- nolick
1091,NOGO W+ nolick
1092,NOGO W+ nolick
1093,GO W+ lick
1094,GO W- nolick
1095,GO W+ lick
1096,GO W- nolick
1097,GO W- nolick
1098,GO W+ lick
1099,GO W- nolick
1100,GO W- nolick
1101,NOGO W- nolick
1102,GO W+ lick
1103,GO W- nolick
1104,GO W- nolick
1105,NOGO W- nolick
1106,GO W- nolick
1107,NOGO W+ nolick
1108,NOGO W- nolick
1109,NOGO W- nolick
1110,NOGO W- nolick
1111,no tone W+ nolick
1112,no tone W+ nolick
1113,NOGO W+ nolick
1114,GO W- nolick
1115,NOGO W+ nolick
1116,NOGO W+ nolick
1117,NOGO W+ nolick
1118,NOGO W- nolick
1119,GO W- nolick
1120,NOGO W- nolick
1121,GO W+ lick
1122,GO W+ lick
1123,GO W- nolick
1124,GO W- nolick
1125,GO W- nolick
1126,NOGO W+ nolick
1127,GO W- nolick
1128,GO W- nolick
1129,GO W- nolick
1130,GO W- nolick
1131,GO W- nolick
1132,NOGO W+ nolick
1133,NOGO W+ nolick
1134,NOGO W+ nolick
1135,NOGO W- nolick
1136,NOGO W+ nolick
1137,GO W- nolick
1138,NOGO W+ nolick
1139,NOGO W- nolick
1140,GO W- nolick
1141,GO W- nolick
1142,NOGO W+ nolick
1143,NOGO W+ nolick
1144,GO W- nolick
1145,GO W- nolick
1146,GO W+ lick
1147,GO W- nolick
1148,GO W- nolick
1149,NOGO W- nolick
1150,NOGO W- nolick
1151,GO W- nolick
1152,GO W+ lick
1153,GO W- nolick
1154,GO W- nolick
1155,GO W- nolick
1156,NOGO W+ nolick
1157,no tone W+ nolick
1158,GO W+ lick
1159,no tone W+ nolick
1160,GO W+ lick
1161,NOGO W+ nolick
1162,no tone W+ nolick
1163,GO W+ lick
1164,NOGO W+ nolick
1165,no tone W+ nolick
1166,NOGO W+ nolick
1167,GO W- nolick
1168,GO W- nolick
1169,GO W- nolick
1170,GO W+ lick
1171,GO W- nolick
1172,NOGO W+ nolick
1173,GO W- nolick
1174,GO W- nolick
1175,GO W- nolick
1176,GO W+ lick
1177,NOGO W+ nolick
1178,GO W+ lick
1179,GO W- nolick
1180,GO W- nolick
1181,GO W+ lick
1182,GO W- nolick
1183,GO W- nolick
1184,GO W- nolick
1185,GO W+ lick
1186,GO W- nolick
1187,NOGO W+ nolick
1188,GO W- nolick
1189,GO W- nolick
1190,NOGO W+ nolick
1191,NOGO W- nolick
1192,NOGO W- nolick
1193,NOGO W- nolick
1194,NOGO W- nolick
1195,GO W- nolick
1196,NOGO W- nolick
1197,GO W+ lick
1198,GO W+ lick
1199,GO W+ lick
1200,GO W- nolick
1201,GO W+ lick
1202,GO W- nolick
1203,GO W+ lick
1204,GO W+ lick
1205,NOGO W- nolick
1206,NOGO W+ nolick
1207,GO W- nolick
1208,GO W- nolick
1209,NOGO W+ nolick
1210,GO W- nolick
1211,NOGO W+ nolick
1212,NOGO W+ nolick
1213,GO W- nolick
1214,NOGO W- nolick
1215,GO W- nolick
1216,GO W- nolick
1217,GO W+ lick
1218,GO W- nolick
1219,GO W- nolick
1220,NOGO W- nolick
1221,NOGO W+ nolick
1222,GO W- nolick
1223,GO W+ lick
1224,NOGO W- nolick
1225,NOGO W- nolick
1226,GO W+ lick
1227,no tone W+ lick
1228,GO W+ lick
1229,NOGO W- nolick
1230,GO W+ lick
1231,no tone W+ nolick
1232,no tone W+ nolick
1233,NOGO W- nolick
1234,NOGO W+ nolick
1235,GO W+ lick
1236,GO W+ lick
1237,NOGO W- nolick
1238,GO W+ lick
1239,no tone W+ lick
1240,GO W+ lick
1241,no tone W+ nolick
1242,GO W+ lick
1243,GO W+ lick
1244,no tone W+ nolick
1245,no tone W+ nolick
1246,NOGO W- nolick
1247,GO W+ lick
1248,no tone W+ nolick
1249,GO W+ lick
1250,no tone W+ lick
1251,NOGO W- nolick
1252,no tone W+ lick
1253,no tone W+ nolick
1254,NOGO W- nolick
1255,no tone W+ lick
1256,NOGO W+ nolick
1257,GO W+ lick
1258,GO W+ lick
1259,GO W+ lick
1260,GO W+ lick
1261,GO W+ lick
1262,GO W+ lick
1263,NOGO W- nolick
1264,no tone W+ lick
1265,no tone W+ lick
1266,GO W+ lick
1267,NOGO W+ nolick
1268,no tone W+ nolick
1269,no tone W+ nolick
1270,NOGO W+ nolick
1271,NOGO W- nolick
1272,NOGO W- nolick
1273,NOGO W- nolick
1274,GO W+ lick
1275,NOGO W- nolick
1276,GO W+ lick
1277,NOGO W- nolick
1278,no tone W+ lick
1279,no tone W+ lick
1280,no tone W+ nolick
1281,NOGO W- nolick
1282,NOGO W+ nolick
1283,GO W+ lick
1284,no tone W+ lick
1285,NOGO W- nolick
1286,NOGO W- nolick
1287,NOGO W- nolick
1288,NOGO W- nolick
1289,GO W+ lick
1290,NOGO W- nolick
1291,GO W+ lick
1292,NOGO W- nolick
1293,NOGO W- nolick
1294,NOGO W+ nolick
1295,NOGO W- nolick
1296,no tone W+ nolick
1297,GO W+ lick
1298,NOGO W- nolick
1299,no tone W+ nolick
1300,GO W+ lick
1301,NOGO W- nolick
1302,no tone W+ lick
1303,GO W+ lick
1304,no tone W+ lick
1305,no tone W+ nolick
1306,no tone W+ nolick
1307,GO W+ lick
1308,no tone W+ nolick
1309,NOGO W- nolick
1310,no tone W+ nolick
1311,GO W+ lick
1312,NOGO W- nolick
1313,GO W+ lick
1314,no tone W+ lick
1315,no tone W+ lick
1316,NOGO W- nolick
1317,no tone W+ lick
1318,no tone W+ nolick
1319,NOGO W- nolick
1320,NOGO W- nolick
1321,NOGO W- nolick
1322,GO W+ lick
1323,GO W+ lick
1324,GO W+ lick
1325,NOGO W- nolick
1326,no tone W+ nolick
1327,GO W+ lick
1328,NOGO W- nolick
1329,no tone W+ lick
1330,NOGO W- nolick
1331,no tone W+ nolick
1332,GO W+ lick
1333,GO W+ lick
1334,GO W+ lick
1335,NOGO W- nolick
1336,GO W+ lick
1337,GO W+ lick
1338,NOGO W- nolick
1339,NOGO W- nolick
1340,NOGO W- nolick
1341,NOGO W- nolick
1342,NOGO W- nolick
1343,NOGO W- nolick
1344,NOGO W- nolick
1345,no tone W+ nolick
1346,GO W+ lick
1347,NOGO W- nolick
1348,NOGO W- nolick
1349,no tone W+ nolick
1350,NOGO W- nolick
1351,NOGO W- nolick
1352,NOGO W+ nolick
1353,no tone W+ nolick
1354,GO W+ lick
1355,NOGO W- nolick
1356,NOGO W- nolick
1357,NOGO W- nolick
1358,no tone W+ nolick
1359,NOGO W- nolick
1360,NOGO W- nolick
1361,no tone W+ lick
1362,no tone W+ nolick
1363,no tone W+ nolick
1364,no tone W+ nolick
1365,NOGO W- nolick
1366,no tone W+ nolick
1367,GO W+ lick
1368,NOGO W- nolick
1369,NOGO W- nolick
1370,no tone W+ lick
1371,NOGO W- nolick
1372,NOGO W- nolick
1373,NOGO W- nolick
1374,no tone W+ nolick
1375,no tone W+ nolick
1376,GO W+ lick
1377,no tone W+ lick
1378,GO W+ lick
1379,no tone W+ nolick
1380,NOGO W- nolick
1381,no tone W+ nolick
1382,NOGO W+ nolick
1383,NOGO W- nolick
1384,GO W+ lick
1385,NOGO W+ nolick
1386,NOGO W- nolick
1387,NOGO W- nolick
1388,NOGO W- nolick
1389,no tone W+ nolick
1390,no tone W+ nolick
1391,no tone W+ nolick
1392,NOGO W- nolick
1393,no tone W+ nolick
1394,NOGO W- nolick
1395,GO W+ lick
1396,NOGO W- nolick
1397,no tone W+ nolick
1398,no tone W+ nolick
1399,NOGO W- nolick
1400,no tone W+ nolick
1401,GO W+ lick
1402,NOGO W- nolick
1403,NOGO W- nolick
1404,GO W+ lick
1405,no tone W+ nolick
1406,NOGO W- nolick
1407,no tone W+ nolick
1408,no tone W+ nolick
1409,no tone W+ nolick
1410,NOGO W- nolick
1411,NOGO W- nolick
1412,NOGO W+ nolick
1413,no tone W+ nolick
1414,NOGO W- nolick
1415,NOGO W- nolick
1416,no tone W+ nolick
1417,no tone W+ nolick
1418,NOGO W- nolick
1419,no tone W+ nolick
1420,GO W+ lick
1421,GO W+ lick
1422,no tone W+ lick
1423,NOGO W- nolick
1424,NOGO W- nolick
1425,NOGO W- nolick
1426,GO W+ lick
1427,no tone W+ nolick
1428,NOGO W- nolick
1429,no tone W+ nolick
1430,no tone W+ nolick
1431,NOGO W- nolick
1432,no tone W+ nolick
1433,NOGO W- nolick
1434,NOGO W+ nolick
1435,no tone W+ lick
1436,NOGO W- nolick
1437,GO W+ lick
1438,no tone W+ nolick
1439,NOGO W- nolick
1440,no tone W+ nolick
1441,no tone W+ nolick
1442,GO W+ lick
1443,NOGO W- nolick
1444,NOGO W- nolick
1445,no tone W+ lick
1446,NOGO W- nolick
1447,NOGO W- nolick
1448,no tone W+ lick
1449,NOGO W- nolick
1450,NOGO W- nolick
1451,NOGO W- nolick
1452,NOGO W- nolick
1453,no tone W+ nolick
1454,GO W+ lick
1455,NOGO W- nolick
1456,NOGO W- nolick
1457,no tone W+ nolick
1458,no tone W+ nolick
1459,no tone W+ nolick
1460,GO W+ lick
1461,no tone W+ lick
1462,NOGO W- nolick
1463,NOGO W- nolick
1464,GO W+ lick
1465,no tone W+ lick
1466,no tone W+ nolick
1467,NOGO W- nolick
1468,no tone W+ nolick
1469,NOGO W+ nolick
1470,NOGO W- nolick
1471,NOGO W- nolick
1472,GO W+ lick
1473,NOGO W- nolick
1474,no tone W+ nolick
1475,GO W+ lick
1476,GO W- nolick
1477,no tone W+ nolick
1478,no tone W+ nolick
1479,no tone W+ nolick
1480,no tone W+ nolick
1481,NOGO W- nolick
1482,no tone W+ lick
1483,NOGO W- nolick
1484,no tone W+ nolick
1485,NOGO W- nolick
1486,NOGO W- nolick
1487,NOGO W- nolick
1488,no tone W+ nolick
1489,no tone W+ nolick
1490,NOGO W- nolick
1491,no tone W+ nolick
1492,NOGO W- nolick
1493,no tone W+ nolick
1494,GO W+ lick
1495,NOGO W- nolick
1496,NOGO W- nolick
1497,no tone W+ nolick
1498,NOGO W- nolick
1499,no tone W+ lick
1500,no tone W+ nolick
1501,GO W+ lick
1502,NOGO W- nolick
1503,GO W+ lick
1504,NOGO W- nolick
1505,no tone W+ nolick
1506,NOGO W- nolick
1507,no tone W+ nolick
1508,NOGO W+ nolick
1509,GO W+ lick
1510,no tone W+ nolick
1511,no tone W+ lick
1512,NOGO W- nolick
1513,NOGO W- nolick
1514,NOGO W- nolick
1515,NOGO W- nolick
1516,no tone W+ lick
1517,NOGO W- nolick
1518,NOGO W+ nolick
1519,no tone W+ nolick
1520,NOGO W- nolick
1521,NOGO W- nolick
1522,no tone W+ nolick
1523,NOGO W- nolick
1524,NOGO W+ nolick
1525,GO W+ lick
1526,no tone W+ nolick
1527,NOGO W- nolick
1528,no tone W+ nolick
1529,NOGO W- nolick
1530,GO W+ lick
1531,NOGO W- nolick
1532,NOGO W- nolick
1533,GO W+ lick
1534,NOGO W- nolick
1535,NOGO W- nolick
1536,no tone W+ nolick
1537,NOGO W- nolick
1538,GO W+ lick
1539,GO W+ lick
1540,no tone W+ nolick
1541,no tone W+ nolick
1542,NOGO W- nolick
1543,NOGO W+ nolick
1544,NOGO W- nolick
1545,no tone W+ nolick
1546,no tone W+ nolick
1547,no tone W+ lick
1548,GO W+ lick
1549,no tone W+ nolick
1550,NOGO W- nolick
1551,NOGO W- nolick
1552,NOGO W- nolick
1553,no tone W+ nolick
1554,NOGO W- nolick
1555,NOGO W- nolick
1556,GO W+ lick
1557,no tone W+ nolick
1558,NOGO W- nolick
1559,GO W+ lick
1560,NOGO W- nolick
1561,no tone W+ lick
1562,GO W+ lick
1563,NOGO W- nolick
1564,NOGO W- nolick
1565,NOGO W+ nolick
1566,NOGO W- nolick
1567,no tone W+ nolick
1568,NOGO W- nolick
1569,GO W+ lick
1570,GO W+ lick
1571,GO W+ lick
1572,NOGO W- nolick
1573,NOGO W- nolick
1574,NOGO W- nolick
1575,no tone W+ nolick
1576,NOGO W- nolick
1577,NOGO W- nolick
1578,GO W+ lick
1579,NOGO W- nolick
1580,GO W+ lick
1581,NOGO W- nolick
1582,NOGO W- nolick
1583,NOGO W+ nolick
1584,NOGO W+ nolick
1585,NOGO W- nolick
1586,NOGO W- nolick
1587,NOGO W- nolick
1588,NOGO W- nolick
1589,NOGO W- nolick
1590,NOGO W- nolick
1591,NOGO W- nolick
1592,NOGO W- nolick
1593,GO W+ lick
1594,NOGO W+ nolick
1595,NOGO W+ nolick
1596,NOGO W- nolick
1597,NOGO W- nolick
1598,NOGO W- nolick
1599,NOGO W- nolick
1600,NOGO W- nolick
1601,GO W+ lick
1602,NOGO W+ nolick
1603,NOGO W- nolick
1604,NOGO W- nolick
1605,no tone W+ nolick
1606,GO W- nolick
1607,NOGO W+ nolick
1608,NOGO W- nolick
1609,NOGO W- nolick
1610,no tone W+ nolick
1611,NOGO W- nolick
1612,NOGO W- nolick
1613,NOGO W- nolick
1614,no tone W+ nolick
1615,NOGO W- nolick
1616,NOGO W- nolick
1617,no tone W+ nolick
1618,NOGO W- nolick
1619,no tone W+ lick
1620,no tone W+ nolick
1621,no tone W+ nolick
1622,no tone W+ nolick
1623,NOGO W- nolick
1624,NOGO W- nolick
1625,NOGO W- nolick
1626,NOGO W- nolick
1627,NOGO W- nolick
1628,NOGO W- nolick
1629,NOGO W- nolick
1630,no tone W+ nolick
1631,NOGO W- nolick
1632,no tone W+ nolick
1633,NOGO W- nolick
1634,NOGO W- nolick
1635,NOGO W+ nolick
1636,NOGO W- nolick
1637,NOGO W- nolick
1638,NOGO W- nolick
1639,GO W- nolick
1640,no tone W+ nolick
1641,NOGO W- nolick
1642,NOGO W- nolick
1643,NOGO W- nolick
1644,NOGO W- nolick
1645,NOGO W- nolick
1646,no tone W+ nolick
1647,no tone W+ lick
1648,NOGO W- nolick
1649,GO W+ lick
1650,no tone W+ nolick
1651,NOGO W- nolick
1652,NOGO W- nolick
1653,NOGO W- nolick
1654,NOGO W- nolick
1655,NOGO W+ nolick
1656,NOGO W- nolick
1657,no tone W+ lick
1658,GO W+ lick
1659,NOGO W- nolick
1660,NOGO W- nolick
1661,NOGO W- nolick
1662,no tone W+ nolick
1663,GO W+ lick
1664,NOGO W- nolick
1665,no tone W+ nolick
1666,GO W+ lick
1667,no tone W+ nolick
1668,NOGO W- nolick
1669,NOGO W- nolick
1670,NOGO W- nolick
1671,NOGO W- nolick
1672,no tone W+ nolick
1673,NOGO W- nolick
1674,GO W+ lick
1675,NOGO W- nolick
1676,no tone W+ lick
1677,no tone W+ nolick
1678,NOGO W- nolick
1679,no tone W+ nolick
1680,NOGO W- nolick
1681,NOGO W- nolick
1682,NOGO W- nolick
1683,NOGO W- nolick
1684,GO W+ lick
1685,no tone W+ nolick
1686,NOGO W- nolick
1687,NOGO W- nolick
1688,no tone W+ nolick
1689,NOGO W- nolick
1690,NOGO W- nolick
1691,no tone W+ lick
1692,no tone W+ nolick
1693,GO W+ lick
1694,NOGO W- nolick
1695,GO W+ lick
1696,NOGO W- nolick
1697,NOGO W- nolick
1698,NOGO W- nolick
1699,NOGO W- nolick
1700,NOGO W- nolick
1701,GO W+ lick
1702,NOGO W- nolick
1703,NOGO W- nolick
1704,no tone W+ nolick
1705,NOGO W- nolick
1706,GO W+ lick
1707,NOGO W- nolick
1708,NOGO W- nolick
1709,NOGO W- nolick
1710,GO W+ lick
1711,NOGO W- nolick
1712,NOGO W- nolick
1713,GO W+ lick
1714,GO W+ lick
1715,NOGO W- nolick
1716,no tone W+ lick
1717,NOGO W- nolick
1718,no tone W+ nolick
1719,no tone W+ nolick
1720,NOGO W- nolick
1721,no tone W+ nolick
1722,NOGO W- nolick
1723,GO W+ lick
1724,GO W+ lick
1725,NOGO W- nolick
1726,NOGO W- nolick
1727,NOGO W- nolick
1728,NOGO W- nolick
1729,no tone W+ nolick
1730,NOGO W- nolick
1731,NOGO W- nolick
1732,GO W+ lick
1733,GO W+ lick
1734,NOGO W- nolick
1735,NOGO W- nolick
1736,NOGO W- nolick
1737,no tone W+ nolick
1738,GO W+ lick
1739,no tone W+ nolick
1740,no tone W+ nolick
1741,NOGO W- nolick
1742,NOGO W+ nolick
1743,GO W+ lick
1744,no tone W+ nolick
1745,NOGO W- nolick
1746,no tone W+ nolick
1747,no tone W+ nolick
1748,NOGO W- nolick
1749,no tone W+ nolick
1750,GO W+ lick
1751,NOGO W- nolick
1752,GO W+ lick
1753,NOGO W- nolick
1754,NOGO W- nolick
1755,NOGO W+ nolick
1756,no tone W+ lick
1757,NOGO W- nolick
1758,no tone W+ nolick
1759,NOGO W- nolick
1760,NOGO W- nolick
1761,NOGO W- nolick
1762,NOGO W- nolick
1763,NOGO W+ nolick
1764,NOGO W- nolick
1765,no tone W+ lick
1766,NOGO W- nolick
1767,NOGO W- nolick
1768,NOGO W- nolick
1769,NOGO W- nolick
1770,NOGO W- nolick
1771,no tone W+ nolick
1772,NOGO W- nolick
1773,no tone W+ nolick
1774,NOGO W- nolick
1775,NOGO W- nolick
1776,GO W+ lick
1777,NOGO W- nolick
1778,no tone W+ lick
1779,no tone W+ nolick
1780,NOGO W+ nolick
1781,NOGO W- nolick
1782,NOGO W- nolick
1783,NOGO W- nolick
1784,GO W+ lick
1785,no tone W+ lick
1786,NOGO W- nolick
1787,NOGO W- nolick
1788,no tone W+ lick
1789,no tone W+ lick
1790,GO W+ lick
1791,GO W+ lick
1792,no tone W+ nolick
1793,NOGO W- nolick
1794,NOGO W- nolick
1795,NOGO W+ nolick
1796,NOGO W- nolick
1797,NOGO W- nolick
1798,no tone W+ nolick
1799,NOGO W- nolick
1800,GO W+ lick
1801,NOGO W+ nolick
1802,NOGO W- nolick
1803,NOGO W- nolick
1804,NOGO W- nolick
1805,NOGO W+ nolick
1806,NOGO W+ nolick
1807,GO W+ lick
1808,NOGO W- nolick
1809,GO W+ lick
1810,NOGO W- nolick
1811,NOGO W+ nolick
1812,no tone W+ nolick
1813,GO W+ lick
1814,GO W+ lick
1815,NOGO W- nolick
1816,NOGO W- nolick
1817,no tone W+ nolick
1818,GO W- nolick
1819,no tone W+ nolick
1820,no tone W+ nolick
1821,NOGO W- nolick
1822,NOGO W+ nolick
1823,NOGO W- nolick
1824,NOGO W- nolick
1825,GO W+ lick
1826,no tone W+ lick
1827,GO W+ lick
1828,NOGO W+ nolick
1829,no tone W+ nolick
1830,GO W+ lick
1831,NOGO W- nolick
1832,NOGO W+ nolick
1833,no tone W+ lick
1834,GO W+ lick
1835,NOGO W- nolick
1836,GO W+ lick
1837,NOGO W- nolick
1838,NOGO W- nolick
1839,NOGO W- nolick
1840,NOGO W- nolick
1841,NOGO W- nolick
1842,NOGO W- nolick
1843,NOGO W- nolick
1844,no tone W+ nolick
1845,NOGO W- nolick
1846,GO W+ lick
1847,NOGO W- nolick
1848,NOGO W- nolick
1849,GO W+ lick
1850,no tone W+ lick
1851,GO W+ lick
1852,NOGO W- nolick
1853,GO W+ lick
1854,GO W+ lick
1855,no tone W+ lick
1856,no tone W+ nolick
1857,GO W- nolick
1858,no tone W+ lick
1859,no tone W+ nolick
1860,no tone W+ nolick
1861,GO W+ lick
1862,no tone W+ lick
1863,NOGO W- nolick
1864,no tone W+ lick
1865,no tone W+ nolick
1866,NOGO W- nolick
1867,GO W+ lick
1868,no tone W+ nolick
1869,no tone W+ nolick
1870,NOGO W- nolick
1871,no tone W+ nolick
1872,GO W+ lick
1873,GO W+ lick
1874,no tone W+ lick
1875,no tone W+ nolick
1876,no tone W+ nolick
1877,GO W+ lick
1878,no tone W+ nolick
1879,GO W+ lick
1880,GO W+ lick
1881,GO W+ lick
1882,NOGO W- nolick
1883,no tone W+ nolick
1884,no tone W+ nolick
1885,no tone W+ nolick
1886,NOGO W- nolick
1887,GO W+ lick
1888,no tone W+ nolick
1889,no tone W+ nolick
1890,NOGO W+ nolick
1891,no tone W+ lick
1892,GO W+ lick
1893,NOGO W- nolick
1894,NOGO W- nolick
1895,no tone W+ nolick
1896,no tone W+ nolick
1897,no tone W+ nolick
1898,no tone W+ nolick
1899,GO W+ lick
1900,no tone W+ nolick
1901,no tone W+ lick
1902,GO W+ lick
1903,no tone W+ lick
1904,no tone W+ nolick
1905,GO W+ lick
1906,GO W+ lick
1907,NOGO W- nolick
1908,no tone W+ nolick
1909,no tone W+ nolick
1910,GO W+ lick
1911,GO W+ lick
1912,no tone W+ nolick
1913,GO W+ lick
1914,no tone W+ nolick
1915,no tone W+ nolick
1916,no tone W+ lick
1917,no tone W+ lick
1918,GO W+ lick
1919,GO W+ lick
1920,no tone W+ nolick
1921,GO W+ lick
1922,GO W+ lick
1923,GO W+ lick
1924,GO W- nolick
1925,GO W+ lick
1926,NOGO W+ nolick
1927,NOGO W- nolick
1928,GO W+ lick
1929,GO W+ lick
1930,GO W+ lick
1931,GO W+ lick
1932,no tone W+ nolick
1933,NOGO W- nolick
1934,no tone W+ lick
1935,GO W+ lick
1936,GO W+ lick
1937,no tone W+ lick
1938,NOGO W- nolick
1939,no tone W+ lick
1940,GO W+ lick
1941,NOGO W- nolick
1942,no tone W+ lick
1943,GO W+ lick
1944,GO W+ lick
1945,no tone W+ lick
1946,GO W+ lick
1947,no tone W+ nolick
1948,GO W+ lick
1949,NOGO W- nolick
1950,GO W- nolick
1951,NOGO W- nolick
1952,GO W- nolick
1953,no tone W+ nolick
1954,no tone W+ lick
1955,GO W+ lick
1956,no tone W+ nolick
1957,no tone W+ nolick
1958,GO W- nolick
1959,no tone W+ nolick
1960,GO W- nolick
1961,no tone W+ nolick
1962,GO W+ lick
1963,GO W+ lick
1964,GO W+ lick
1965,GO W+ lick
1966,GO W+ lick
1967,NOGO W- nolick
1968,GO W+ lick
1969,no tone W+ nolick
1970,NOGO W- nolick
1971,NOGO W+ nolick
1972,GO W+ lick
1973,GO W+ lick
1974,NOGO W- nolick
1975,GO W+ lick
1976,no tone W+ nolick
1977,GO W+ lick
1978,GO W+ lick
1979,no tone W+ nolick
1980,GO W+ lick
1981,NOGO W+ nolick
1982,GO W+ lick
1983,no tone W+ lick
1984,GO W+ lick
1985,no tone W+ lick
1986,NOGO W- nolick
1987,GO W+ lick
1988,NOGO W+ nolick
1989,GO W- nolick
1990,NOGO W- nolick
1991,NOGO W+ nolick
1992,GO W+ lick
1993,GO W+ lick
1994,GO W+ lick
1995,GO W+ lick
1996,no tone W+ nolick
1997,GO W+ lick
1998,GO W+ lick
1999,no tone W+ nolick
2000,GO W+ lick
2001,GO W+ lick
2002,GO W- nolick
2003,GO W+ lick
2004,GO W+ lick
2005,no tone W+ nolick
2006,GO W+ lick
2007,no tone W+ nolick
2008,no tone W+ nolick
2009,NOGO W- nolick
2010,NOGO W+ nolick
2011,GO W- nolick
2012,NOGO W- nolick
2013,GO W- nolick
2014,GO W- nolick
2015,GO W- nolick
2016,no tone W+ lick
2017,GO W+ lick
2018,NOGO W- nolick
2019,NOGO W- nolick
2020,GO W+ lick
2021,GO W+ lick
2022,GO W+ lick
2023,NOGO W- nolick
2024,GO W+ lick
2025,GO W+ lick
2026,GO W- nolick
2027,no tone W+ lick
2028,GO W- nolick
2029,no tone W+ nolick
2030,no tone W+ lick
2031,GO W+ lick
2032,GO W+ lick
2033,GO W+ lick
2034,no tone W+ nolick
2035,NOGO W- nolick
2036,no tone W+ lick
2037,NOGO W- nolick
2038,GO W+ lick
2039,GO W+ lick
2040,GO W+ lick
2041,GO W- nolick
2042,GO W+ lick
2043,GO W+ lick
2044,NOGO W- nolick
2045,NOGO W- nolick
2046,GO W+ lick
2047,GO W- nolick
2048,GO W- nolick
2049,GO W+ lick
2050,GO W- nolick
2051,GO W+ lick
2052,GO W- nolick
2053,GO W+ lick
2054,no tone W+ nolick
2055,no tone W+ lick
2056,NOGO W- nolick
2057,GO W+ lick
2058,GO W+ lick
2059,NOGO W- nolick
2060,GO W+ lick
2061,GO W+ lick
2062,GO W- nolick
2063,GO W+ lick
2064,GO W+ lick
2065,NOGO W- nolick
2066,NOGO W- nolick
2067,GO W+ lick
2068,GO W- nolick
2069,GO W+ lick
2070,GO W+ lick
2071,GO W+ lick
2072,GO W+ lick
2073,no tone W+ nolick
2074,GO W+ lick
2075,GO W+ lick
2076,no tone W+ nolick
2077,GO W+ lick
2078,GO W+ lick
2079,GO W+ lick
2080,NOGO W- nolick
2081,GO W- nolick
2082,GO W+ lick
2083,GO W+ lick
2084,GO W+ lick
2085,GO W+ lick
2086,no tone W+ nolick
2087,GO W- nolick
2088,GO W+ lick
2089,NOGO W- nolick
2090,GO W+ lick
2091,NOGO W- nolick
2092,GO W- nolick
2093,GO W- nolick
2094,GO W- nolick
2095,NOGO W- nolick
2096,NOGO W- nolick
2097,NOGO W- nolick
2098,GO W- nolick
2099,NOGO W+ nolick
2100,NOGO W+ nolick
2101,GO W- nolick
2102,GO W- nolick
2103,NOGO W- nolick
2104,GO W- nolick
2105,NOGO W- nolick
2106,NOGO W- nolick
2107,NOGO W- nolick
2108,NOGO W- nolick
2109,GO W- nolick
2110,NOGO W- nolick
2111,NOGO W- nolick
2112,NOGO W+ nolick
2113,GO W+ lick
2114,GO W+ lick
2115,GO W- nolick
2116,NOGO W- nolick
2117,GO W+ lick
2118,GO W- nolick
2119,GO W- nolick
2120,NOGO W- nolick
2121,GO W+ lick
2122,GO W+ lick
2123,NOGO W- nolick
2124,GO W+ lick
2125,no tone W+ nolick
2126,GO W+ lick
2127,NOGO W- nolick
2128,NOGO W+ nolick
2129,NOGO W+ nolick
2130,GO W- nolick
2131,GO W+ lick
2132,GO W- nolick
2133,GO W- nolick
2134,NOGO W+ nolick
2135,NOGO W- nolick
2136,GO W- nolick
2137,NOGO W- nolick
2138,NOGO W- nolick
2139,NOGO W- nolick
2140,GO W- nolick
2141,GO W+ lick
2142,GO W+ lick
2143,GO W+ lick
2144,NOGO W- nolick
2145,NOGO W- nolick
2146,NOGO W- nolick
2147,GO W- nolick
2148,NOGO W- nolick
2149,NOGO W- nolick
2150,NOGO W- nolick
2151,GO W- nolick
2152,GO W- nolick
2153,NOGO W- nolick
2154,NOGO W- nolick
2155,GO W- nolick
2156,NOGO W- nolick
2157,GO W+ lick
2158,GO W- nolick
2159,NOGO W- nolick
2160,NOGO W- nolick
2161,GO W- nolick
2162,GO W+ lick
2163,GO W+ lick
2164,GO W+ lick
2165,GO W- nolick
2166,NOGO W- nolick
2167,NOGO W- nolick
2168,GO W+ lick
2169,GO W- nolick
2170,NOGO W- nolick
2171,GO W+ lick
2172,NOGO W+ nolick
2173,GO W+ lick
2174,GO W+ lick
2175,GO W+ lick
2176,NOGO W- nolick
2177,NOGO W- nolick
2178,NOGO W- nolick
2179,NOGO W- nolick
2180,NOGO W- nolick
2181,NOGO W- nolick
2182,NOGO W- nolick
2183,GO W+ lick
2184,NOGO W- nolick
2185,GO W- nolick
2186,NOGO W- nolick
2187,NOGO W+ nolick
2188,NOGO W+ nolick
2189,NOGO W- nolick
2190,GO W+ lick
2191,GO W- nolick
2192,GO W+ lick
2193,GO W- nolick
2194,no tone W+ lick
2195,GO W+ lick
2196,GO W- nolick
2197,GO W+ lick
2198,GO W- nolick
2199,GO W- nolick
2200,GO W- nolick
2201,NOGO W- nolick
2202,NOGO W+ nolick
2203,GO W- nolick
2204,GO W+ lick
2205,GO W- nolick
2206,NOGO W- nolick
2207,GO W+ lick
2208,GO W- nolick
2209,NOGO W- nolick
2210,NOGO W- nolick
2211,NOGO W- nolick
2212,no tone W+ lick
2213,GO W- nolick
2214,GO W- nolick
2215,GO W+ lick
2216,GO W- nolick
2217,GO W- nolick
2218,NOGO W- nolick
2219,GO W- nolick
2220,NOGO W- nolick
2221,GO W- nolick
2222,GO W- nolick
2223,GO W- nolick
2224,GO W- nolick
2225,NOGO W- nolick
2226,NOGO W- nolick
2227,GO W+ lick
2228,GO W- nolick
2229,GO W- nolick
2230,GO W- nolick
2231,GO W+ lick
2232,GO W- nolick
2233,GO W- nolick
2234,GO W+ lick
2235,NOGO W- nolick
2236,GO W- nolick
2237,GO W- nolick
2238,NOGO W+ nolick
2239,GO W- nolick
2240,no tone W+ lick
2241,NOGO W- nolick
2242,NOGO W- nolick
2243,NOGO W- nolick
2244,GO W- nolick
2245,GO W- nolick
2246,GO W- nolick
2247,GO W- nolick
2248,GO W- nolick
2249,GO W- nolick
2250,GO W- nolick
2251,GO W- nolick
2252,NOGO W- nolick
2253,GO W- nolick
2254,GO W+ lick
2255,no tone W+ lick
2256,GO W- nolick
2257,NOGO W- nolick
2258,GO W- nolick
2259,GO W- nolick
2260,GO W- nolick
2261,NOGO W- nolick
2262,GO W- nolick
2263,GO W- nolick
2264,GO W+ lick
2265,NOGO W- nolick
2266,NOGO W- nolick
2267,GO W+ lick
2268,GO W- nolick
2269,GO W+ lick
2270,GO W- nolick
2271,GO W+ lick
2272,NOGO W- nolick
2273,GO W- nolick
2274,GO W- nolick
2275,GO W- nolick
2276,GO W- nolick
2277,GO W- nolick
2278,NOGO W- nolick
2279,GO W- nolick
2280,GO W+ lick
2281,NOGO W- nolick
2282,NOGO W+ nolick
2283,NOGO W- nolick
2284,NOGO W- nolick
2285,NOGO W- nolick
2286,NOGO W+ nolick
2287,NOGO W- nolick
2288,GO W- nolick
2289,GO W- nolick
2290,NOGO W- nolick
2291,NOGO W+ nolick
2292,NOGO W- nolick
